"SMILES","Ro5","cRo5","DLS_01","DLS_02","DLS_03","DLS_04","DLS_05","DLS_06","DLS_07","DLS_cons","LLS_01","LLS_02","CMC-80","CMC-50","Inflammat-80","Inflammat-50","Depressant-80","Depressant-50","Psychotic-80","Psychotic-50","Hypertens-80","Hypertens-50","Hypnotic-80","Hypnotic-50","Neoplastic-80","Neoplastic-50","Infective-80","Infective-50"
"COC1=C(C=O)C2=C(C(C)=C1)C(=O)OC1=C(O2)C2=C(C(=O)OC2O)C(O)=C1C","0.0","1.0","1.0","0.83","1.0","0.4","0.0","1.0","1.0","0.75","0.5","1.0","1.0","1.0","1.0","0.0","0.0","0.0","1.0","0.0","1.0","1.0","0.0","0.0","1.0","1.0","1.0","1.0"
"OC1=CC2=C(C(O)=C1O)C(=O)C=C(O2)C1=CC=CC=C1","0.0","1.0","1.0","1.0","1.0","0.4","0.0","1.0","1.0","0.77","0.67","1.0","1.0","1.0","1.0","0.0","0.0","0.0","0.0","0.0","1.0","0.0","1.0","1.0","1.0","1.0","1.0","1.0"
"OC1=C(O)C(O)=C2C(=C1)C=CC=C(O)C2=O","0.0","1.0","1.0","0.83","1.0","0.4","0.0","1.0","1.0","0.75","0.5","1.0","1.0","0.0","0.0","0.0","0.0","0.0","0.0","0.0","0.0","0.0","1.0","0.0","1.0","0.0","1.0","0.0"
"CC(=O)OC1=CC2=C(C(=O)C(=CO2)C2=CC(OC(C)=O)=C(OC(C)=O)C(OC(C)=O)=C2)C(OC(C)=O)=C1OC(C)=O","1.0","0.0","0.5","0.5","0.5","0.4","0.5","0.33","0.0","0.39","0.33","0.62","0.0","0.0","0.0","0.0","0.0","0.0","0.0","0.0","0.0","0.0","0.0","0.0","0.0","0.0","0.0","0.0"
"CC(=O)OC1=C2C(=O)C3=C[C@@H]4CC5C(C)(C)OC(C\C=C(/C)C(O)=O)(C4=O)[C@@]35OC2=C(CC=C(C)C)C2=C1C=CC(C)(CCC=C(C)C)O2","1.0","0.0","0.5","0.33","0.67","0.9","1.0","0.83","1.0","0.75","0.17","0.62","0.0","0.0","0.0","0.0","0.0","0.0","0.0","0.0","0.0","0.0","0.0","0.0","0.0","0.0","0.0","0.0"
"OC1=CC2=C(C(O)=C1O)C(=O)C(=CO2)C1=CC(O)=C(O)C(O)=C1","0.0","1.0","0.75","0.83","0.83","0.2","0.0","0.67","0.5","0.54","0.33","0.88","1.0","0.0","0.0","0.0","0.0","0.0","0.0","0.0","1.0","0.0","1.0","0.0","1.0","1.0","1.0","1.0"
"CN(C)[C@H]1[C@@H]2[C@@H](O)[C@H]3C(=C(O)C4=C(C=CC=C4O)[C@@]3(C)O)C(=O)[C@]2(O)C(O)=C(C(N)=O)C1=O","1.0","0.0","0.5","0.33","0.67","0.7","1.0","0.5","0.5","0.6","0.33","0.62","0.0","0.0","0.0","0.0","0.0","0.0","0.0","0.0","0.0","0.0","0.0","0.0","0.0","0.0","0.0","0.0"
"OC(=O)C1=CC(=O)C(O)=C2C(O)=C(O)C(O)=CC2=C1","0.0","1.0","1.0","1.0","1.0","0.4","0.0","1.0","1.0","0.77","0.5","1.0","1.0","0.0","0.0","0.0","0.0","0.0","0.0","0.0","0.0","0.0","0.0","0.0","1.0","0.0","1.0","0.0"
"OC1=CC(O)=C2C[C@@H](OC(=O)C3=CC(O)=C(O)C(O)=C3)[C@H](OC2=C1)C1=CC(O)=C(O)C(O)=C1C1=C(O)C(O)=C(O)C=C1[C@H]1OC2=CC(O)=CC(O)=C2C[C@H]1OC(=O)C1=CC(O)=C(O)C(O)=C1","1.0","0.0","0.25","0.17","0.33","0.2","0.0","0.33","0.5","0.25","0.17","0.37","0.0","0.0","0.0","0.0","0.0","0.0","0.0","0.0","0.0","0.0","0.0","0.0","0.0","0.0","0.0","0.0"
"OC(=O)C1=CC(=O)C(O)=C2C(O)=C(O)C=CC2=C1","0.0","1.0","1.0","1.0","1.0","0.4","0.0","1.0","1.0","0.77","0.5","1.0","1.0","0.0","0.0","0.0","0.0","0.0","0.0","0.0","0.0","0.0","1.0","0.0","1.0","0.0","1.0","0.0"
"[Na+].CC[Hg]SC1=CC=CC=C1C([O-])=O","0.0","1.0","1.0","1.0","1.0","1.0","1.0","1.0","1.0","1.0","0.5","1.0","0.0","0.0","0.0","0.0","0.0","0.0","0.0","0.0","0.0","0.0","0.0","0.0","0.0","0.0","0.0","0.0"
"[Zn++].[O-]N1C=CC=CC1=S.[O-]N1C=CC=CC1=S","0.0","1.0","1.0","0.67","0.83","0.6","0.0","1.0","1.0","0.73","1.0","1.0","0.0","0.0","0.0","0.0","0.0","0.0","0.0","0.0","0.0","0.0","0.0","0.0","0.0","0.0","0.0","0.0"
"OC1=CC(O)=C2C[C@@H](OC(=O)C3=CC(O)=C(O)C(O)=C3)[C@H](OC2=C1)C1=CC(O)=C(O)C(O)=C1","1.0","0.0","0.5","0.5","0.67","0.3","0.0","0.5","0.5","0.42","0.17","0.75","1.0","0.0","0.0","0.0","0.0","0.0","1.0","0.0","1.0","0.0","0.0","0.0","1.0","0.0","0.0","0.0"
"COC1=C(O)C=CC(=C1)C1=C(O)C(=O)C2=C(O)C=C(O)C=C2O1","0.0","1.0","1.0","1.0","1.0","0.4","0.0","1.0","1.0","0.77","0.33","1.0","1.0","1.0","1.0","0.0","1.0","0.0","0.0","0.0","1.0","0.0","1.0","0.0","1.0","1.0","1.0","1.0"
"OC1=CC(O)=C2C(OC(=C(O)C2=O)C2=CC=CC=C2)=C1","0.0","1.0","1.0","1.0","1.0","0.4","0.0","1.0","1.0","0.77","0.67","1.0","1.0","1.0","1.0","0.0","0.0","0.0","0.0","0.0","1.0","0.0","1.0","1.0","1.0","1.0","1.0","1.0"
"C1OC2=C(O1)C=C(O[C@@H]1OC[C@@H]3[C@H]1CO[C@H]3C1=CC3=C(OCO3)C=C1)C=C2","0.0","1.0","1.0","0.83","1.0","0.8","0.5","1.0","1.0","0.88","0.5","0.88","1.0","1.0","1.0","0.0","1.0","0.0","1.0","0.0","1.0","1.0","0.0","0.0","1.0","1.0","1.0","0.0"
"COC1=CC=C(C=C1)C1=C(O)C(=O)C2=C(O)C=C(O)C(CC=C(C)C)=C2O1","0.0","1.0","1.0","1.0","1.0","0.6","0.5","1.0","1.0","0.87","0.33","1.0","1.0","1.0","1.0","0.0","1.0","0.0","1.0","0.0","1.0","0.0","0.0","0.0","1.0","0.0","1.0","0.0"
"OC1=CC=C(C=C1)C1=C(O)C(=O)C2=C(O)C=C(O)C=C2O1","0.0","1.0","1.0","1.0","1.0","0.4","0.0","1.0","1.0","0.77","0.5","1.0","1.0","1.0","1.0","0.0","0.0","0.0","0.0","0.0","1.0","0.0","1.0","0.0","1.0","1.0","1.0","1.0"
"CC1(C)CCC2=C3OC(C)(C)C=CC3=C3OC=C(C(=O)C3=C2O1)C1=CC(O)=C(O)C=C1","0.0","1.0","1.0","1.0","1.0","0.8","0.5","1.0","1.0","0.9","0.5","0.88","1.0","0.0","1.0","0.0","0.0","0.0","1.0","1.0","1.0","0.0","0.0","0.0","1.0","0.0","1.0","0.0"
"[Na+].[Cu].CCC1=C2[N-]C(\C=C3/[N-]\C(=C/C4=C(C)C(CCC(O)=O)=C([N-]4)C4=C5[N-]\C(=C/2)C(C)=C5C(=O)C4C(O)=O)C(C)=C3C=C)=C1C","1.0","0.0","0.5","0.33","0.67","0.6","0.5","0.5","0.5","0.51","0.17","0.62","0.0","0.0","0.0","0.0","0.0","0.0","0.0","0.0","0.0","0.0","0.0","0.0","0.0","0.0","0.0","0.0"
"COC(=O)C1=CC(=O)C(O)=C2C(O)=C(O)C=CC2=C1","0.0","1.0","1.0","1.0","1.0","0.4","0.0","1.0","1.0","0.77","0.67","1.0","1.0","0.0","0.0","0.0","0.0","0.0","0.0","0.0","1.0","0.0","1.0","0.0","1.0","0.0","1.0","0.0"
"CC(=O)NCCC1=CC(=C(O)C=C1)C1=C(O)C2=C(C(O)=C1O)C(=O)C1=CC(O)=C(C(O)=O)C(C(O)=O)=C1C2=O","1.0","0.0","0.25","0.5","0.5","0.1","0.0","0.33","0.5","0.31","0.17","0.62","0.0","0.0","0.0","0.0","0.0","0.0","0.0","0.0","0.0","0.0","0.0","0.0","0.0","0.0","0.0","0.0"
"CC1COC2=C1C(=O)C(=O)C1=C2C=CC2=C1CCCC2(C)C","0.0","1.0","1.0","0.83","1.0","0.8","0.5","1.0","1.0","0.88","0.83","1.0","1.0","1.0","1.0","0.0","1.0","1.0","1.0","0.0","1.0","0.0","1.0","0.0","1.0","1.0","1.0","1.0"
"CC1=CC(O)=CC2=C1C(=O)C1=C(O)C=C(O)C=C1O2","0.0","1.0","1.0","0.83","1.0","0.4","0.0","1.0","1.0","0.75","0.67","1.0","1.0","0.0","1.0","0.0","0.0","0.0","0.0","0.0","1.0","0.0","1.0","1.0","1.0","0.0","1.0","0.0"
"OC1=CC(\C=C\C2=CC(O)=C(O)C=C2)=CC(O)=C1","0.0","1.0","1.0","1.0","1.0","0.6","0.0","1.0","1.0","0.8","0.5","1.0","1.0","0.0","1.0","0.0","0.0","0.0","0.0","0.0","1.0","0.0","1.0","1.0","1.0","0.0","1.0","1.0"
"COC(=O)[C@H]1O[C@@H](O[C@H]2CC[C@@]3(C)[C@@H](CC[C@]4(C)[C@@H]3CC=C3[C@@H]5CC(C)(C)CC(=O)[C@]5(C)CC[C@@]43C)[C@@]2(C)CO)[C@H](O[C@@H]2O[C@H](CO)[C@H](O)[C@H](O)[C@H]2O[C@@H]2O[C@@H](C)[C@H](O)[C@@H](O)[C@H]2O)[C@@H](O)[C@@H]1O","1.0","0.0","0.25","0.17","0.33","0.6","1.0","0.33","0.5","0.45","0.17","0.5","0.0","0.0","0.0","0.0","0.0","0.0","0.0","0.0","0.0","0.0","0.0","0.0","0.0","0.0","0.0","0.0"
"COC1=C(O[C@@H]2O[C@H](COC(C)=O)[C@@H](O)[C@H](O)[C@H]2O)C=C2OC=C(C(=O)C2=C1)C1=CC=C(O)C=C1","0.0","1.0","0.75","0.67","0.83","0.9","1.0","0.67","0.5","0.76","0.17","0.75","0.0","0.0","0.0","0.0","0.0","0.0","0.0","0.0","1.0","0.0","0.0","0.0","0.0","0.0","0.0","0.0"
"COC1=C(O)C=C(C=C1)[C@@H]1CC(=O)C2=C(O)C=C(O)C=C2O1","0.0","1.0","1.0","1.0","1.0","0.6","0.0","1.0","1.0","0.8","0.5","1.0","1.0","1.0","1.0","0.0","1.0","0.0","0.0","0.0","1.0","1.0","1.0","0.0","1.0","1.0","1.0","1.0"
"COC1=CC(O)=C(C(C)=O)C(OC)=C1","0.0","1.0","1.0","0.83","0.83","1.0","1.0","1.0","1.0","0.95","0.83","1.0","1.0","0.0","0.0","0.0","0.0","0.0","0.0","0.0","0.0","0.0","1.0","0.0","1.0","0.0","1.0","0.0"
"CC(=O)OC1=CC=C(C=C1)C1=C(OC(C)=O)C(=O)C2=C(O1)C=C(OC(C)=O)C=C2OC(C)=O","0.0","1.0","1.0","0.67","0.83","0.4","0.0","1.0","1.0","0.7","0.33","0.88","1.0","0.0","0.0","0.0","0.0","0.0","0.0","0.0","1.0","0.0","0.0","0.0","1.0","0.0","1.0","0.0"
"OC1=CC=C(CCNC(=O)\C=C\C2=CC=C(O)C=C2)C=C1","0.0","1.0","1.0","1.0","1.0","0.6","0.0","1.0","1.0","0.8","0.5","1.0","1.0","1.0","1.0","1.0","1.0","1.0","0.0","0.0","1.0","1.0","1.0","0.0","1.0","1.0","1.0","1.0"
"CC1(C)CCC[C@]2(C)C(CC=C3CCOC3=O)[C@]3(CO3)CCC12","0.0","1.0","1.0","1.0","1.0","1.0","1.0","1.0","1.0","1.0","0.67","1.0","1.0","1.0","1.0","0.0","1.0","0.0","1.0","0.0","1.0","0.0","0.0","0.0","1.0","0.0","1.0","0.0"
"OC1=CC(O)=C2C(OC3=CC(O)=C(O)C=C3C2=O)=C1","0.0","1.0","1.0","0.83","1.0","0.4","0.0","1.0","1.0","0.75","0.5","1.0","1.0","0.0","1.0","0.0","0.0","0.0","0.0","0.0","0.0","0.0","1.0","0.0","1.0","0.0","1.0","0.0"
"COC1=CC2=NC=CC(OC3=CC(Cl)=C(NC(=O)NC4CC4)C=C3)=C2C=C1C(N)=O","0.0","1.0","1.0","1.0","1.0","0.6","0.0","1.0","1.0","0.8","0.17","1.0","1.0","0.0","1.0","0.0","0.0","0.0","1.0","0.0","1.0","1.0","0.0","0.0","1.0","0.0","1.0","0.0"
"CN(C1=CC2=NN(C)C(C)=C2C=C1)C1=NC(NC2=CC(=C(C)C=C2)S(N)(=O)=O)=NC=C1","0.0","1.0","1.0","0.83","1.0","0.6","0.0","1.0","1.0","0.78","0.33","1.0","1.0","0.0","0.0","0.0","0.0","0.0","1.0","0.0","1.0","0.0","0.0","0.0","1.0","0.0","1.0","0.0"
"O[C@@H](CC(O)=O)C(O)=O.COC1=CC2=NC=CC(OC3=CC=C(NC(=O)C4(CC4)C(=O)NC4=CC=C(F)C=C4)C=C3)=C2C=C1OC","0.0","1.0","0.75","0.83","0.83","0.5","0.5","0.83","1.0","0.75","0.33","0.75","0.0","0.0","0.0","0.0","0.0","0.0","0.0","0.0","0.0","0.0","0.0","0.0","0.0","0.0","0.0","0.0"
"CNC(=O)C1=NC=CC(OC2=CC(F)=C(NC(=O)NC3=CC(=C(Cl)C=C3)C(F)(F)F)C=C2)=C1","0.0","1.0","1.0","0.83","1.0","0.4","0.0","1.0","1.0","0.75","0.33","0.88","0.0","0.0","0.0","0.0","0.0","0.0","0.0","0.0","1.0","0.0","0.0","0.0","0.0","0.0","0.0","0.0"
"OP(O)(O)=O.CNCC1=CC=C(C=C1)C1=C2CCNC(=O)C3=C2C(N1)=CC(F)=C3","0.0","1.0","1.0","1.0","1.0","0.8","0.5","1.0","1.0","0.9","0.67","1.0","1.0","1.0","1.0","0.0","1.0","1.0","1.0","0.0","1.0","1.0","1.0","0.0","1.0","1.0","1.0","1.0"
"CCN1CCN(CC2=CN=C(NC3=NC=C(F)C(=N3)C3=CC4=C(N=C(C)N4C(C)C)C(F)=C3)C=C2)CC1","0.0","1.0","0.75","0.83","0.83","0.7","0.5","0.83","1.0","0.78","0.17","0.75","0.0","0.0","0.0","0.0","0.0","0.0","0.0","0.0","0.0","0.0","0.0","0.0","0.0","0.0","0.0","0.0"
"COC1=CC2=NC=CC(OC3=CC=C(NC(=O)C4(CC4)C(=O)NC4=CC=C(F)C=C4)C=C3)=C2C=C1OC","0.0","1.0","0.75","0.83","0.83","0.5","0.5","0.83","1.0","0.75","0.33","0.75","0.0","0.0","0.0","0.0","0.0","0.0","0.0","0.0","0.0","0.0","0.0","0.0","0.0","0.0","0.0","0.0"
"COC1=C(O)C=C2OC=C(C(=O)C2=C1)C1=CC=C(O)C=C1","0.0","1.0","1.0","1.0","1.0","0.4","0.0","1.0","1.0","0.77","0.67","1.0","1.0","1.0","1.0","0.0","1.0","0.0","0.0","0.0","1.0","0.0","1.0","0.0","1.0","1.0","1.0","1.0"
"[Na].OC(CC1=CC(O)=C(O)C=C1)C(O)=O","0.0","1.0","1.0","0.83","0.83","0.8","0.5","1.0","1.0","0.85","0.5","1.0","1.0","0.0","0.0","0.0","0.0","0.0","0.0","0.0","0.0","0.0","1.0","0.0","1.0","0.0","1.0","0.0"
"OC[C@H]1O[C@@H](OC2=CC=C(CO)C=C2)[C@H](O)[C@@H](O)[C@@H]1O","0.0","1.0","1.0","1.0","1.0","0.9","1.0","1.0","1.0","0.99","0.33","1.0","0.0","0.0","0.0","0.0","0.0","0.0","0.0","0.0","0.0","0.0","0.0","0.0","1.0","0.0","0.0","0.0"
"CCCC=C1OC(=O)C2=C1CC[C@@H](O)[C@@H]2O","0.0","1.0","1.0","1.0","1.0","1.0","1.0","1.0","1.0","1.0","0.67","1.0","1.0","0.0","0.0","0.0","0.0","0.0","0.0","0.0","1.0","0.0","1.0","1.0","1.0","0.0","1.0","0.0"
"C[C@@H]1C(=O)O[C@H]2C[C@]34[C@H]5CC(C(C)(C)C)C33[C@H](O)C(=O)O[C@H]3O[C@@]4(C(=O)O5)[C@@]12O","0.0","1.0","1.0","0.67","1.0","1.0","1.0","1.0","1.0","0.95","0.5","0.88","1.0","0.0","0.0","0.0","0.0","0.0","0.0","0.0","1.0","0.0","0.0","0.0","1.0","0.0","1.0","0.0"
"C[C@@H]1O[C@@H](O[C@@H]2[C@@H](O)[C@H](OCCC3=CC(O)=C(O)C=C3)O[C@H](CO[C@@H]3OC[C@](O)(CO)[C@H]3O)[C@H]2OC(=O)\C=C\C2=CC(O)=C(O)C=C2)[C@H](O)[C@H](O)[C@H]1O","1.0","0.0","0.25","0.17","0.33","0.6","1.0","0.17","0.0","0.36","0.17","0.37","0.0","0.0","0.0","0.0","0.0","0.0","0.0","0.0","0.0","0.0","0.0","0.0","0.0","0.0","0.0","0.0"
"CN1C2=C(NC=N2)C(=O)N(C)C1=O","0.0","1.0","1.0","0.67","0.83","0.8","0.0","1.0","1.0","0.76","0.67","1.0","1.0","0.0","0.0","0.0","0.0","0.0","0.0","0.0","0.0","0.0","0.0","0.0","1.0","0.0","0.0","0.0"
"CC12CC(O)C3CC1(O[C@H]1O[C@H](CO)[C@@H](O)[C@H](O)[C@H]1O)C3(COC(=O)C1=CC=CC=C1)C(=O)O2","0.0","1.0","0.75","0.67","0.83","0.9","1.0","0.67","0.5","0.76","0.17","0.62","0.0","0.0","0.0","0.0","0.0","0.0","0.0","0.0","0.0","0.0","0.0","0.0","0.0","0.0","0.0","0.0"
"CC1=C(C=C)\C(NC1=O)=C\C1=C(C)C(CCC(O)=O)=C(CC2=C(CCC(O)=O)C(C)=C(N2)\C=C2/NC(=O)C(C=C)=C2C)N1","1.0","0.0","0.5","0.33","0.5","0.6","0.5","0.33","0.0","0.4","0.17","0.62","0.0","0.0","0.0","0.0","0.0","0.0","0.0","0.0","0.0","0.0","0.0","0.0","0.0","0.0","0.0","0.0"
"O[C@@H]1[C@@H](COC(=O)\C=C\C2=CC=C(O)C=C2)O[C@@H](OC2=C(OC3=CC(O)=CC(O)=C3C2=O)C2=CC=C(O)C=C2)[C@H](O)[C@H]1O","1.0","0.0","0.25","0.5","0.5","0.5","0.0","0.33","0.5","0.37","0.17","0.5","0.0","0.0","0.0","0.0","0.0","0.0","0.0","0.0","0.0","0.0","0.0","0.0","0.0","0.0","0.0","0.0"
"CC(C)=CC\C=C(\C)[C@H]1CC[C@]2(C)[C@@H]1[C@H](O)C[C@@H]1[C@@]3(C)CC[C@H](O[C@@H]4O[C@H](CO)[C@@H](O)[C@H](O)[C@H]4O)C(C)(C)[C@@H]3CC[C@@]21C","0.0","1.0","0.75","0.83","0.83","0.9","1.0","0.83","1.0","0.88","0.0","0.75","0.0","0.0","0.0","0.0","0.0","0.0","0.0","0.0","0.0","0.0","0.0","0.0","0.0","0.0","0.0","0.0"
"COC1=C(OC)C2=C[N+]3=C(C=C2C=C1)C1=CC2=C(OCO2)C=C1CC3","0.0","1.0","1.0","1.0","1.0","0.8","0.5","1.0","1.0","0.9","0.67","0.88","1.0","1.0","1.0","0.0","1.0","0.0","1.0","0.0","1.0","0.0","1.0","0.0","1.0","1.0","1.0","0.0"
"C[C@H]1CC[C@@]2(O)C(C)(C)[C@@H]3CC[C@@]2(C)[C@H]1C3","0.0","1.0","1.0","0.83","1.0","0.5","0.5","1.0","1.0","0.83","0.83","1.0","1.0","0.0","1.0","0.0","1.0","0.0","0.0","0.0","1.0","0.0","1.0","0.0","1.0","0.0","1.0","0.0"
"O[C@@H]1CC2=C(O)C=C(O)C=C2O[C@H]1C1=CC=C(O)C=C1","0.0","1.0","1.0","1.0","1.0","0.8","0.5","1.0","1.0","0.9","0.5","1.0","1.0","1.0","1.0","0.0","1.0","0.0","0.0","0.0","1.0","0.0","1.0","1.0","1.0","1.0","1.0","1.0"
"CCC1CN2CC[C@]3(C2CC1C(=COC)C(=O)OC)C(=O)NC1=CC=CC=C31","0.0","1.0","1.0","1.0","1.0","1.0","1.0","1.0","1.0","1.0","0.33","1.0","1.0","0.0","1.0","0.0","0.0","0.0","0.0","0.0","1.0","1.0","0.0","0.0","1.0","0.0","1.0","0.0"
"C[C@]1(O)CC(O)[C@]2(O)C=COC(OC3OC(CO)C(O)C(O)C3O)C12","0.0","1.0","0.75","0.5","0.83","0.8","1.0","0.67","0.5","0.72","0.33","0.75","0.0","0.0","0.0","0.0","0.0","0.0","0.0","0.0","0.0","0.0","0.0","0.0","0.0","0.0","0.0","0.0"
"CC(C)=CCC1=C(O)C(CC=C(C)C)=C2OC3=C(O)C=CC(O)=C3C(=O)C2=C1O","0.0","1.0","1.0","1.0","1.0","1.0","0.5","1.0","1.0","0.93","0.17","1.0","0.0","0.0","0.0","0.0","0.0","0.0","0.0","0.0","0.0","0.0","0.0","0.0","0.0","0.0","0.0","0.0"
"CC1COC2=C1C(=O)C(=O)C1=C2C=CC2=C1CCCC2(C)C","0.0","1.0","1.0","0.83","1.0","0.8","0.5","1.0","1.0","0.88","0.83","1.0","1.0","1.0","1.0","0.0","1.0","1.0","1.0","0.0","1.0","0.0","1.0","0.0","1.0","1.0","1.0","1.0"
"CC(=C)[C@@H]1CC[C@@]2(CC[C@]3(C)[C@H](CC[C@@H]4[C@@]5(C)CC[C@H](O)C(C)(C)[C@@H]5CC[C@@]34C)[C@@H]12)C(O)=O","0.0","1.0","0.75","0.67","0.83","0.7","1.0","0.83","1.0","0.83","0.67","0.75","0.0","0.0","0.0","0.0","0.0","0.0","0.0","0.0","0.0","0.0","0.0","0.0","0.0","0.0","0.0","0.0"
"COC1=C(OC)C=C(C=C1)C1=CC(=O)C2=C(O1)C(OC)=C(OC)C(OC)=C2OC","0.0","1.0","1.0","1.0","1.0","1.0","1.0","1.0","1.0","1.0","0.33","1.0","1.0","0.0","1.0","0.0","0.0","0.0","1.0","0.0","1.0","1.0","0.0","0.0","1.0","0.0","1.0","0.0"
"C[C@]12CC[C@H]3[C@@H](CC=C4C[C@@H](O)CC[C@]34C)[C@@H]1CCC2=O","0.0","1.0","1.0","0.83","1.0","1.0","1.0","1.0","1.0","0.98","0.83","1.0","1.0","1.0","1.0","0.0","1.0","0.0","0.0","0.0","1.0","1.0","0.0","0.0","1.0","1.0","1.0","0.0"
"C[N+]1=CC=CC(=C1)C([O-])=O","0.0","1.0","1.0","0.83","0.83","0.6","0.0","1.0","1.0","0.75","1.0","1.0","0.0","0.0","0.0","0.0","0.0","0.0","0.0","0.0","0.0","0.0","0.0","0.0","0.0","0.0","0.0","0.0"
"C\C(\C=C\C=C(\C)C(=O)O[C@@H]1O[C@H](CO[C@@H]2O[C@H](CO)[C@@H](O)[C@H](O)[C@H]2O)[C@@H](O)[C@H](O)[C@H]1O)=C\C=C\C=C(/C)\C=C\C=C(/C)C(=O)O[C@@H]1O[C@H](CO[C@@H]2O[C@H](CO)[C@@H](O)[C@H](O)[C@H]2O)[C@@H](O)[C@H](O)[C@H]1O","1.0","0.0","0.25","0.17","0.33","0.6","1.0","0.17","0.0","0.36","0.17","0.37","0.0","0.0","0.0","0.0","0.0","0.0","0.0","0.0","0.0","0.0","0.0","0.0","0.0","0.0","0.0","0.0"
"COC(=O)C1=COC(OC2OC(CO)C(O)C(O)C2O)C2C1C=C[C@@]2(O)CO","1.0","0.0","0.5","0.5","0.67","0.7","1.0","0.5","0.5","0.62","0.17","0.75","0.0","0.0","0.0","0.0","0.0","0.0","0.0","0.0","0.0","0.0","0.0","0.0","0.0","0.0","0.0","0.0"
"CC(C)=CCC=C(C)C1CCC2(C)C1C(O)CC1C3(C)CCC(OC4OC(CO)C(O)C(O)C4OC4OC(CO)C(O)C(O)C4O)C(C)(C)C3CCC21C","1.0","0.0","0.25","0.33","0.33","0.7","1.0","0.33","0.5","0.49","0.17","0.5","0.0","0.0","0.0","0.0","0.0","0.0","0.0","0.0","0.0","0.0","0.0","0.0","0.0","0.0","0.0","0.0"
"CCCCCCCCCCCCCCCCC(C(O)=O)C(O)(CC(O)=O)C(O)=O","0.0","1.0","1.0","0.83","0.83","1.0","1.0","0.83","0.5","0.86","0.0","0.88","0.0","0.0","0.0","0.0","0.0","0.0","0.0","0.0","0.0","0.0","0.0","0.0","0.0","0.0","0.0","0.0"
"COC1=C(O)C(O)=C(C=C1)C1=COC2=C(C=CC(O)=C2)C1=O","0.0","1.0","1.0","1.0","1.0","0.4","0.0","1.0","1.0","0.77","0.5","1.0","1.0","1.0","1.0","0.0","1.0","0.0","0.0","0.0","1.0","0.0","1.0","0.0","1.0","1.0","1.0","1.0"
"O[C@@H]1[C@@H](O)[C@H](OC2=C(O)C(O)=C3C(=O)C=C(OC3=C2)C2=CC=CC=C2)O[C@@H]([C@H]1O)C(O)=O","1.0","0.0","0.5","0.67","0.67","0.5","0.5","0.5","0.5","0.55","0.17","0.75","1.0","0.0","0.0","0.0","0.0","0.0","0.0","0.0","1.0","0.0","0.0","0.0","1.0","0.0","1.0","0.0"
"CC[C@@]1(O)C[C@H](O)C2=C(O)C3=C(C=C2[C@H]1C(=O)OC)C(=O)C1=C(O)C=CC(O)=C1C3=O","0.0","1.0","1.0","0.83","1.0","1.0","0.5","0.83","0.5","0.81","0.33","1.0","1.0","0.0","0.0","0.0","0.0","0.0","0.0","0.0","1.0","1.0","0.0","0.0","1.0","0.0","1.0","0.0"
"COC(=O)C1=C(C)NC(C)=C([C@@H]1C1=CC=CC=C1N(=O)=O)C(=O)OCC(C)C","0.0","1.0","1.0","1.0","1.0","1.0","1.0","1.0","1.0","1.0","0.33","1.0","1.0","1.0","1.0","0.0","0.0","0.0","1.0","0.0","1.0","1.0","0.0","0.0","1.0","0.0","1.0","0.0"
"OC1=CC(O)=C(O)C2=C1C(=O)C1=CC=CC=C1C2=O","0.0","1.0","1.0","0.83","1.0","0.4","0.0","1.0","1.0","0.75","0.67","1.0","1.0","0.0","1.0","0.0","0.0","0.0","0.0","0.0","0.0","0.0","1.0","0.0","1.0","0.0","1.0","0.0"
"CC1CCCC2(C)CC3OC(=O)C(=C)C3C=C12","0.0","1.0","1.0","0.83","1.0","1.0","1.0","1.0","1.0","0.98","0.83","1.0","1.0","0.0","1.0","0.0","1.0","0.0","0.0","0.0","1.0","0.0","1.0","1.0","1.0","0.0","1.0","0.0"
"[Na+].CC1=C(C=CC(=C1)C1=CC(C)=C(C=C1)\N=N\C1=C(O)C2=C(C=C1)C(=CC(=C2N)S(O)(=O)=O)S(O)(=O)=O)\N=N\C1=C(O)C2=C(C=C1)C(=CC(=C2N)S(O)(=O)=O)S(O)(=O)=O","1.0","0.0","0.25","0.33","0.33","0.1","0.0","0.33","0.5","0.26","0.17","0.5","0.0","0.0","0.0","0.0","0.0","0.0","0.0","0.0","0.0","0.0","0.0","0.0","0.0","0.0","0.0","0.0"
"[Ca++].NC1=NC2=C(N(C=O)C(CNC3=CC=C(C=C3)C(=O)N[C@@H](CCC([O-])=O)C([O-])=O)CN2)C(=O)N1","1.0","0.0","0.5","0.5","0.5","0.8","0.5","0.5","0.5","0.54","0.17","0.62","0.0","0.0","0.0","0.0","0.0","0.0","0.0","0.0","0.0","0.0","0.0","0.0","0.0","0.0","0.0","0.0"
"OC1=C2N=CC=CC2=C(C=C1)N(=O)=O","0.0","1.0","1.0","0.83","0.83","0.4","0.0","1.0","1.0","0.72","0.67","1.0","1.0","0.0","0.0","0.0","0.0","0.0","0.0","0.0","0.0","0.0","1.0","0.0","0.0","0.0","1.0","0.0"
"ClC1=C(Cl)C(=O)C(Cl)=C(Cl)C1=O","0.0","1.0","1.0","0.83","1.0","0.4","0.0","1.0","1.0","0.75","1.0","1.0","0.0","0.0","0.0","0.0","0.0","0.0","0.0","0.0","0.0","0.0","0.0","0.0","0.0","0.0","1.0","0.0"
"OC[C@H]1O[C@@H](OC2=CC=CC3=C2C(=O)C2=C(C=C(C=C2O)C(O)=O)C3[C@@H]2C3=C(C(O[C@@H]4O[C@H](CO)[C@@H](O)[C@H](O)[C@H]4O)=CC=C3)C(=O)C3=C2C=C(C=C3O)C(O)=O)[C@H](O)[C@@H](O)[C@@H]1O","1.0","0.0","0.25","0.17","0.33","0.6","1.0","0.33","0.5","0.45","0.17","0.5","0.0","0.0","0.0","0.0","0.0","0.0","0.0","0.0","0.0","0.0","0.0","0.0","0.0","0.0","0.0","0.0"
"CCOC1=CC=C(C=C1)C(=O)C1=C(O)C(O)=C(OC)C=C1","0.0","1.0","1.0","1.0","1.0","0.6","0.5","1.0","1.0","0.87","0.5","1.0","1.0","1.0","1.0","1.0","1.0","1.0","0.0","0.0","1.0","1.0","1.0","0.0","1.0","1.0","1.0","1.0"
"COC1=CC=CC(O)=C1O","0.0","1.0","1.0","0.83","0.83","0.8","0.0","1.0","1.0","0.78","1.0","1.0","0.0","0.0","0.0","0.0","0.0","0.0","0.0","0.0","0.0","0.0","0.0","0.0","0.0","0.0","0.0","0.0"
"OC1=C(Br)C=C(Br)C2=C1N=CC=C2","0.0","1.0","1.0","0.83","1.0","0.4","0.0","1.0","1.0","0.75","0.67","1.0","0.0","0.0","0.0","0.0","0.0","0.0","0.0","0.0","0.0","0.0","0.0","0.0","0.0","0.0","1.0","0.0"
"COC(C)(C)\C=C\C[C@H](C)[C@@H]1CC[C@]2(C)[C@H]3[C@H](O[C@H]4O[C@@H](CO)[C@H](O)[C@@H](O)[C@@H]4O)C=C4[C@H](CC[C@@H](O)C4(C)C)[C@]3(CC[C@@]12C)C=O","0.0","1.0","0.75","0.67","0.67","0.9","1.0","0.67","0.5","0.74","0.17","0.75","0.0","0.0","0.0","0.0","0.0","0.0","0.0","0.0","0.0","0.0","0.0","0.0","0.0","0.0","0.0","0.0"
"CC(C)[C@H](C)CC[C@@H](C)[C@H]1CC[C@H]2[C@@H]3CC[C@H]4C[C@@H](O)CC[C@]4(C)[C@H]3CC[C@]12C","0.0","1.0","0.75","0.83","0.83","0.4","0.5","0.83","1.0","0.74","0.5","0.88","0.0","0.0","0.0","0.0","0.0","0.0","0.0","0.0","0.0","0.0","0.0","0.0","0.0","0.0","0.0","0.0"
"COC(C)(C)C=CCC(C)C1CC[C@@]2(C)C3C=C[C@@]45OC[C@]3(CC[C@]12C)C4CCC(OC1OC(CO)C(O)C(O)C1O)C5(C)C","0.0","1.0","0.75","0.67","0.83","0.9","1.0","0.83","1.0","0.85","0.17","0.75","0.0","0.0","0.0","0.0","0.0","0.0","0.0","0.0","0.0","0.0","0.0","0.0","0.0","0.0","0.0","0.0"
"C[C@@H]1CC[C@@]2(CC[C@]3(C)C(=CC[C@@H]4[C@@]5(C)C[C@@H](O)[C@H](O)C(C)(C)[C@@H]5CC[C@@]34C)[C@@H]2[C@]1(C)O)C(O)=O","0.0","1.0","0.75","0.83","1.0","1.0","1.0","1.0","1.0","0.94","0.17","0.62","0.0","0.0","0.0","0.0","0.0","0.0","0.0","0.0","0.0","0.0","0.0","0.0","0.0","0.0","0.0","0.0"
"COC1=C(O)C=CC(CCC(O)CC(=O)CCC2=CC(OC)=C(O)C=C2)=C1","0.0","1.0","1.0","0.83","0.83","1.0","1.0","1.0","1.0","0.95","0.33","1.0","1.0","1.0","1.0","0.0","1.0","0.0","1.0","1.0","1.0","1.0","0.0","0.0","1.0","1.0","1.0","0.0"
"CC(C)[C@@H](C)\C=C\[C@@H](C)[C@H]1CC[C@@H]2[C@]1(C)CC[C@@H]1[C@@]3(C)CC[C@@H](C[C@@]33OO[C@@]21C=C3)O[C@@H]1O[C@H](CO)[C@@H](O)[C@H](O)[C@H]1O","0.0","1.0","0.75","0.67","0.83","0.9","1.0","0.83","1.0","0.85","0.0","0.75","0.0","0.0","0.0","0.0","0.0","0.0","0.0","0.0","0.0","0.0","0.0","0.0","0.0","0.0","0.0","0.0"
"O[C@H](CC1=CC(O)=C(O)C=C1)C(O)=O","0.0","1.0","1.0","0.83","0.83","0.8","0.5","1.0","1.0","0.85","0.5","1.0","1.0","0.0","0.0","0.0","0.0","0.0","0.0","0.0","0.0","0.0","1.0","0.0","1.0","0.0","1.0","0.0"
"C[C@H]1[C@@H](O)C[C@H]2[C@@H]1[C@H](O[C@@H]1O[C@H](CO)[C@@H](O)[C@H](O)[C@H]1O)OC=C2C(O)=O","0.0","1.0","0.75","0.67","0.83","0.8","1.0","0.67","0.5","0.75","0.17","0.75","0.0","0.0","0.0","0.0","0.0","0.0","0.0","0.0","0.0","0.0","0.0","0.0","0.0","0.0","0.0","0.0"
"OC[C@H]1O[C@@H](O[C@@H]2OC=C([C@H]3CC=C(CO)[C@@H]23)C(O)=O)[C@H](O)[C@@H](O)[C@@H]1O","0.0","1.0","0.75","0.67","0.83","0.8","1.0","0.67","0.5","0.75","0.17","0.75","0.0","0.0","0.0","0.0","0.0","0.0","0.0","0.0","0.0","0.0","0.0","0.0","0.0","0.0","0.0","0.0"
"CC(=C)[C@@H]1CC[C@]2(CO)CC[C@]3(C)[C@H](CC[C@@H]4[C@@]5(C)CC[C@H](O)C(C)(C)[C@@H]5CC[C@@]34C)[C@@H]12","0.0","1.0","0.75","0.83","0.83","0.7","0.5","0.83","1.0","0.78","0.67","0.75","0.0","0.0","0.0","0.0","0.0","0.0","0.0","0.0","0.0","0.0","0.0","0.0","0.0","0.0","0.0","0.0"
"COC1=C(O)C=CC(CNC(=O)CCCCCCC(C)C)=C1","0.0","1.0","1.0","0.83","0.83","1.0","1.0","1.0","1.0","0.95","0.5","1.0","1.0","0.0","1.0","0.0","1.0","0.0","1.0","0.0","1.0","0.0","0.0","0.0","1.0","0.0","1.0","0.0"
"NC1=NC2=NC=C(CNC3=CC=C(C=C3)C(=O)N[C@@H](CCC(O)=O)C(O)=O)N=C2C(=O)N1","1.0","0.0","0.5","0.67","0.5","0.2","0.0","0.5","0.5","0.41","0.17","0.75","1.0","0.0","0.0","0.0","0.0","0.0","0.0","0.0","1.0","0.0","0.0","0.0","1.0","0.0","1.0","0.0"
"COC1=C(CC=C(C)C)C2=C(C=CC(=O)O2)C=C1","0.0","1.0","1.0","1.0","1.0","0.8","0.5","1.0","1.0","0.9","0.83","1.0","1.0","1.0","1.0","0.0","1.0","0.0","0.0","0.0","1.0","0.0","1.0","0.0","1.0","0.0","1.0","1.0"
"O=C1N2CCC3=C(NC4=CC=CC=C34)C2=NC2=CC=CC=C12","0.0","1.0","1.0","0.83","1.0","0.4","0.0","1.0","1.0","0.75","0.67","0.88","1.0","1.0","1.0","1.0","1.0","0.0","0.0","0.0","1.0","0.0","1.0","0.0","1.0","1.0","1.0","1.0"
"NC(CCCNC(N)=N)C(O)=O","0.0","1.0","0.75","0.5","0.67","0.8","1.0","0.83","1.0","0.79","0.33","1.0","0.0","0.0","0.0","0.0","0.0","0.0","0.0","0.0","0.0","0.0","0.0","0.0","0.0","0.0","0.0","0.0"
"COC1=C(O)C=C2OC=C(C(=O)C2=C1)C1=CC=C(O)C=C1","0.0","1.0","1.0","1.0","1.0","0.4","0.0","1.0","1.0","0.77","0.67","1.0","1.0","1.0","1.0","0.0","1.0","0.0","0.0","0.0","1.0","0.0","1.0","0.0","1.0","1.0","1.0","1.0"
"CC(CCC(OC1OC(COC2OC(CO)C(O)C(O)C2O)C(O)C(O)C1OC1OC(CO)C(O)C(O)C1O)C(C)(C)O)C1CC[C@@]2(C)C3CC=C4C(CCC(OC5OC(COC6OC(CO)C(O)C(O)C6O)C(O)C(O)C5O)C4(C)C)[C@@]3(C)C(=O)C[C@]12C","1.0","0.0","0.25","0.0","0.17","0.6","1.0","0.17","0.0","0.31","0.17","0.25","0.0","0.0","0.0","0.0","0.0","0.0","0.0","0.0","0.0","0.0","0.0","0.0","0.0","0.0","0.0","0.0"
"C[C@@]1(C[C@@H](O)[C@]2(O)C=CO[C@@H](O[C@@H]3O[C@H](CO)[C@@H](O)[C@H](O)[C@H]3O)[C@H]12)OC(=O)\C=C\C1=CC=CC=C1","1.0","0.0","0.5","0.5","0.67","0.7","1.0","0.5","0.5","0.62","0.17","0.62","0.0","0.0","0.0","0.0","0.0","0.0","0.0","0.0","0.0","0.0","0.0","0.0","0.0","0.0","0.0","0.0"
"COC1=C(OC)C=C(C=C1)C1=CC(=O)C2=C(O1)C=C(O)C(OC)=C2O","0.0","1.0","1.0","1.0","1.0","0.6","0.0","1.0","1.0","0.8","0.33","1.0","1.0","1.0","1.0","0.0","1.0","0.0","1.0","0.0","1.0","1.0","1.0","0.0","1.0","1.0","1.0","1.0"
"C[C@H]1[C@H]2[C@H](C[C@H]3[C@@H]4CC[C@H]5C[C@@H](O)CC[C@]5(C)[C@H]4CC[C@]23C)O[C@@]11CC[C@H](C)CN1","0.0","1.0","0.75","0.5","0.83","0.7","1.0","0.83","1.0","0.8","0.67","0.75","0.0","0.0","0.0","0.0","0.0","0.0","0.0","0.0","0.0","0.0","0.0","0.0","0.0","0.0","0.0","0.0"
"OC1C(O)C(OC2=C(O)C=CC(=C2)C2OC3=CC(O)=CC(O)=C3C(=O)C2O)OC(C1O)C(O)=O","1.0","0.0","0.5","0.5","0.67","0.5","0.5","0.5","0.5","0.52","0.17","0.62","0.0","0.0","0.0","0.0","0.0","0.0","0.0","0.0","1.0","0.0","0.0","0.0","0.0","0.0","0.0","0.0"
